ID;incident_dart
0;1
1;3
2;5
3;0
4;11
5;13
6;8
7;19
8;21
9;16
10;27
11;29
12;24
13;35
14;37
15;32
16;43
17;45
18;40
19;51
20;53
21;48
22;59
23;61
24;56
25;67
26;69
27;64
28;75
29;77
30;72
31;83
32;85
33;80
34;91
35;88
36;97
37;99
38;101
39;107
40;109
41;115
42;117
43;123
44;125
45;131
46;133
47;139
48;141
49;147
50;149
51;155
52;157
53;163
54;165
55;171
56;173
57;179
58;181
59;187
60;193
61;195
62;197
63;203
64;205
65;211
66;213
67;219
68;221
69;227
70;229
71;235
72;237
73;243
74;245
75;251
76;253
77;259
78;261
79;267
80;269
81;275
82;277
83;283
84;289
85;291
86;293
87;299
88;301
89;307
90;309
91;315
92;317
93;323
94;325
95;331
96;333
97;339
98;341
99;347
100;349
101;355
102;357
103;363
104;365
105;371
106;373
107;379
108;385
109;387
110;389
111;395
112;397
113;403
114;405
115;411
116;413
117;419
118;421
119;427
120;429
121;435
122;437
123;443
124;445
125;451
126;453
127;459
128;461
129;467
130;469
131;475
132;481
133;483
134;485
135;491
136;493
137;499
138;501
139;507
140;509
141;515
142;517
143;523
144;525
145;531
146;533
147;539
148;541
149;547
150;549
151;555
152;557
153;563
154;565
155;571
156;577
157;579
158;581
159;587
160;589
161;595
162;597
163;603
164;605
165;611
166;613
167;619
168;621
169;627
170;629
171;635
172;637
173;643
174;645
175;651
176;653
177;659
178;661
179;667
180;673
181;675
182;677
183;683
184;685
185;691
186;693
187;699
188;701
189;707
190;709
191;715
192;717
193;723
194;725
195;731
196;733
197;739
198;741
199;747
200;749
201;755
202;757
203;763
204;769
205;771
206;773
207;779
208;781
209;787
210;789
211;795
212;797
213;803
214;805
215;811
216;813
217;819
218;821
219;827
220;829
221;835
222;837
223;843
224;845
225;851
226;853
227;859
228;865
229;867
230;869
231;875
232;877
233;883
234;885
235;891
236;893
237;899
238;901
239;907
240;909
241;915
242;917
243;923
244;925
245;931
246;933
247;939
248;941
249;947
250;949
251;955
252;961
253;963
254;965
255;971
256;973
257;979
258;981
259;987
260;989
261;995
262;997
263;1003
264;1005
265;1011
266;1013
267;1019
268;1021
269;1027
270;1029
271;1035
272;1037
273;1043
274;1045
275;1051
276;1057
277;1059
278;1061
279;1067
280;1069
281;1075
282;1077
283;1083
284;1085
285;1091
286;1093
287;1099
288;1101
289;1107
290;1109
291;1115
292;1117
293;1123
294;1125
295;1131
296;1133
297;1139
298;1141
299;1147
300;1153
301;1155
302;1157
303;1163
304;1165
305;1171
306;1173
307;1179
308;1181
309;1187
310;1189
311;1195
312;1197
313;1203
314;1205
315;1211
316;1213
317;1219
318;1221
319;1227
320;1229
321;1235
322;1237
323;1243
324;1249
325;1251
326;1253
327;1259
328;1261
329;1267
330;1269
331;1275
332;1277
333;1283
334;1285
335;1291
336;1293
337;1299
338;1301
339;1307
340;1309
341;1315
342;1317
343;1323
344;1325
345;1331
346;1333
347;1339
348;1345
349;1347
350;1349
351;1355
352;1357
353;1363
354;1365
355;1371
356;1373
357;1379
358;1381
359;1387
360;1389
361;1395
362;1397
363;1403
364;1405
365;1411
366;1413
367;1419
368;1421
369;1427
370;1429
371;1435
372;1441
373;1443
374;1445
375;1451
376;1453
377;1459
378;1461
379;1467
380;1469
381;1475
382;1477
383;1483
384;1485
385;1491
386;1493
387;1499
388;1501
389;1507
390;1509
391;1515
392;1517
393;1523
394;1525
395;1531
396;1537
397;1539
398;1541
399;1547
400;1549
401;1555
402;1557
403;1563
404;1565
405;1571
406;1573
407;1579
408;1581
409;1587
410;1589
411;1595
412;1597
413;1603
414;1605
415;1611
416;1613
417;1619
418;1621
419;1627
420;1633
421;1635
422;1637
423;1643
424;1645
425;1651
426;1653
427;1659
428;1661
429;1667
430;1669
431;1675
432;1677
433;1683
434;1685
435;1691
436;1693
437;1699
438;1701
439;1707
440;1709
441;1715
442;1717
443;1723
444;1729
445;1731
446;1733
447;1739
448;1741
449;1747
450;1749
451;1755
452;1757
453;1763
454;1765
455;1771
456;1773
457;1779
458;1781
459;1787
460;1789
461;1795
462;1797
463;1803
464;1805
465;1811
466;1813
467;1819
468;1825
469;1827
470;1829
471;1835
472;1837
473;1843
474;1845
475;1851
476;1853
477;1859
478;1861
479;1867
480;1869
481;1875
482;1877
483;1883
484;1885
485;1891
486;1893
487;1899
488;1901
489;1907
490;1909
491;1915
492;1921
493;1923
494;1925
495;1931
496;1933
497;1939
498;1941
499;1947
500;1949
501;1955
502;1957
503;1963
504;1965
505;1971
506;1973
507;1979
508;1981
509;1987
510;1989
511;1995
512;1997
513;2003
514;2005
515;2011
516;2017
517;2019
518;2021
519;2027
520;2029
521;2035
522;2037
523;2043
524;2045
525;2051
526;2053
527;2059
528;2061
529;2067
530;2069
531;2075
532;2077
533;2083
534;2085
535;2091
536;2093
537;2099
538;2101
539;2107
540;2113
541;2115
542;2117
543;2123
544;2125
545;2131
546;2133
547;2139
548;2141
549;2147
550;2149
551;2155
552;2157
553;2163
554;2165
555;2171
556;2173
557;2179
558;2181
559;2187
560;2189
561;2195
562;2197
563;2203
564;2209
565;2211
566;2213
567;2219
568;2221
569;2227
570;2229
571;2235
572;2237
573;2243
574;2245
575;2251
576;2253
577;2259
578;2261
579;2267
580;2269
581;2275
582;2277
583;2283
584;2285
585;2291
586;2293
587;2299
588;2305
589;2307
590;2309
591;2315
592;2317
593;2323
594;2325
595;2331
596;2333
597;2339
598;2341
599;2347
600;2349
601;2355
602;2357
603;2363
604;2365
605;2371
606;2373
607;2379
608;2381
609;2387
610;2389
611;2395
612;2401
613;2403
614;2405
615;2411
616;2413
617;2419
618;2421
619;2427
620;2429
621;2435
622;2437
623;2443
624;2445
625;2451
626;2453
627;2459
628;2461
629;2467
630;2469
631;2475
632;2477
633;2483
634;2485
635;2491
636;2497
637;2499
638;2501
639;2507
640;2509
641;2515
642;2517
643;2523
644;2525
645;2531
646;2533
647;2539
648;2541
649;2547
650;2549
651;2555
652;2557
653;2563
654;2565
655;2571
656;2573
657;2579
658;2581
659;2587
660;2593
661;2595
662;2597
663;2603
664;2605
665;2611
666;2613
667;2619
668;2621
669;2627
670;2629
671;2635
672;2637
673;2643
674;2645
675;2651
676;2653
677;2659
678;2661
679;2667
680;2669
681;2675
682;2677
683;2683
684;2689
685;2691
686;2693
687;2699
688;2701
689;2707
690;2709
691;2715
692;2717
693;2723
694;2725
695;2731
696;2733
697;2739
698;2741
699;2747
700;2749
701;2755
702;2757
703;2763
704;2765
705;2771
706;2773
707;2779
708;2785
709;2787
710;2789
711;2795
712;2797
713;2803
714;2805
715;2811
716;2813
717;2819
718;2821
719;2827
720;2829
721;2835
722;2837
723;2843
724;2845
725;2851
726;2853
727;2859
728;2861
729;2867
730;2869
731;2875
732;2881
733;2883
734;2885
735;2891
736;2893
737;2899
738;2901
739;2907
740;2909
741;2915
742;2917
743;2923
744;2925
745;2931
746;2933
747;2939
748;2941
749;2947
750;2949
751;2955
752;2957
753;2963
754;2965
755;2971
756;2977
757;2979
758;2981
759;2987
760;2989
761;2995
762;2997
763;3003
764;3005
765;3011
766;3013
767;3019
768;3021
769;3027
770;3029
771;3035
772;3037
773;3043
774;3045
775;3051
776;3053
777;3059
778;3061
779;3067
780;3073
781;3075
782;3077
783;3083
784;3085
785;3091
786;3093
787;3099
788;3101
789;3107
790;3109
791;3115
792;3117
793;3123
794;3125
795;3131
796;3133
797;3139
798;3141
799;3147
800;3149
801;3155
802;3157
803;3163
804;3169
805;3171
806;3173
807;3179
808;3181
809;3187
810;3189
811;3195
812;3197
813;3203
814;3205
815;3211
816;3213
817;3219
818;3221
819;3227
820;3229
821;3235
822;3237
823;3243
824;3245
825;3251
826;3253
827;3259
828;3265
829;3267
830;3269
831;3275
832;3277
833;3283
834;3285
835;3291
836;3293
837;3299
838;3301
839;3307
840;3309
841;3315
842;3317
843;3323
844;3325
845;3331
846;3333
847;3339
848;3341
849;3347
850;3349
851;3355
852;3361
853;3363
854;3365
855;3371
856;3373
857;3379
858;3381
859;3387
860;3389
861;3395
862;3397
863;3403
864;3405
865;3411
866;3413
867;3419
868;3421
869;3427
870;3429
871;3435
872;3437
873;3443
874;3445
875;3451
876;3457
877;3459
878;3461
879;3467
880;3469
881;3475
882;3477
883;3483
884;3485
885;3491
886;3493
887;3499
888;3501
889;3507
890;3509
891;3515
892;3517
893;3523
894;3525
895;3531
896;3533
897;3539
898;3541
899;3547
900;3553
901;3555
902;3557
903;3563
904;3565
905;3571
906;3573
907;3579
908;3581
909;3587
910;3589
911;3595
912;3597
913;3603
914;3605
915;3611
916;3613
917;3619
918;3621
919;3627
920;3629
921;3635
922;3637
923;3643
924;3649
925;3651
926;3653
927;3659
928;3661
929;3667
930;3669
931;3675
932;3677
933;3683
934;3685
935;3691
936;3693
937;3699
938;3701
939;3707
940;3709
941;3715
942;3717
943;3723
944;3725
945;3731
946;3733
947;3739
948;3745
949;3747
950;3749
951;3755
952;3757
953;3763
954;3765
955;3771
956;3773
957;3779
958;3781
959;3787
960;3789
961;3795
962;3797
963;3803
964;3805
965;3811
966;3813
967;3819
968;3821
969;3827
970;3829
971;3835
972;3841
973;3843
974;3845
975;3851
976;3853
977;3859
978;3861
979;3867
980;3869
981;3875
982;3877
983;3883
984;3885
985;3891
986;3893
987;3899
988;3901
989;3907
990;3909
991;3915
992;3917
993;3923
994;3925
995;3931
996;3937
997;3939
998;3941
999;3947
1000;3949
1001;3955
1002;3957
1003;3963
1004;3965
1005;3971
1006;3973
1007;3979
1008;3981
1009;3987
1010;3989
1011;3995
1012;3997
1013;4003
1014;4005
1015;4011
1016;4013
1017;4019
1018;4021
1019;4027
1020;4033
1021;4035
1022;4037
1023;4043
1024;4045
1025;4051
1026;4053
1027;4059
1028;4061
1029;4067
1030;4069
1031;4075
1032;4077
1033;4083
1034;4085
1035;4091
1036;4093
1037;4099
1038;4101
1039;4107
1040;4109
1041;4115
1042;4117
1043;4123
1044;4129
1045;4131
1046;4133
1047;4139
1048;4141
1049;4147
1050;4149
1051;4155
1052;4157
1053;4163
1054;4165
1055;4171
1056;4173
1057;4179
1058;4181
1059;4187
1060;4189
1061;4195
1062;4197
1063;4203
1064;4205
1065;4211
1066;4213
1067;4219
1068;4225
1069;4227
1070;4229
1071;4235
1072;4237
1073;4243
1074;4245
1075;4251
1076;4253
1077;4259
1078;4261
1079;4267
1080;4269
1081;4275
1082;4277
1083;4283
1084;4285
1085;4291
1086;4293
1087;4299
1088;4301
1089;4307
1090;4309
1091;4315
1092;4321
1093;4323
1094;4325
1095;4331
1096;4333
1097;4339
1098;4341
1099;4347
1100;4349
1101;4355
1102;4357
1103;4363
1104;4365
1105;4371
1106;4373
1107;4379
1108;4381
1109;4387
1110;4389
1111;4395
1112;4397
1113;4403
1114;4405
1115;4411
1116;4417
1117;4419
1118;4421
1119;4427
1120;4429
1121;4435
1122;4437
1123;4443
1124;4445
1125;4451
1126;4453
1127;4459
1128;4461
1129;4467
1130;4469
1131;4475
1132;4477
1133;4483
1134;4485
1135;4491
1136;4493
1137;4499
1138;4501
1139;4507
1140;4513
1141;4517
1142;4525
1143;4533
1144;4541
1145;4549
1146;4557
1147;4565
1148;4573
1149;4581
1150;4589
1151;4597
1152;4609
1153;4611
1154;4613
1155;4608
1156;4619
1157;4621
1158;4616
1159;4627
1160;4629
1161;4624
1162;4635
1163;4637
1164;4632
1165;4643
1166;4645
1167;4640
1168;4651
1169;4653
1170;4648
1171;4659
1172;4661
1173;4656
1174;4667
1175;4669
1176;4664
1177;4675
1178;4677
1179;4672
1180;4683
1181;4685
1182;4680
1183;4691
1184;4693
1185;4688
1186;4699
1187;4696
1188;4705
1189;4707
1190;4709
1191;4715
1192;4717
1193;4723
1194;4725
1195;4731
1196;4733
1197;4739
1198;4741
1199;4747
1200;4749
1201;4755
1202;4757
1203;4763
1204;4765
1205;4771
1206;4773
1207;4779
1208;4781
1209;4787
1210;4789
1211;4795
1212;4801
1213;4803
1214;4805
1215;4811
1216;4813
1217;4819
1218;4821
1219;4827
1220;4829
1221;4835
1222;4837
1223;4843
1224;4845
1225;4851
1226;4853
1227;4859
1228;4861
1229;4867
1230;4869
1231;4875
1232;4877
1233;4883
1234;4885
1235;4891
1236;4897
1237;4899
1238;4901
1239;4907
1240;4909
1241;4915
1242;4917
1243;4923
1244;4925
1245;4931
1246;4933
1247;4939
1248;4941
1249;4947
1250;4949
1251;4955
1252;4957
1253;4963
1254;4965
1255;4971
1256;4973
1257;4979
1258;4981
1259;4987
1260;4993
1261;4995
1262;4997
1263;5003
1264;5005
1265;5011
1266;5013
1267;5019
1268;5021
1269;5027
1270;5029
1271;5035
1272;5037
1273;5043
1274;5045
1275;5051
1276;5053
1277;5059
1278;5061
1279;5067
1280;5069
1281;5075
1282;5077
1283;5083
1284;5089
1285;5091
1286;5093
1287;5099
1288;5101
1289;5107
1290;5109
1291;5115
1292;5117
1293;5123
1294;5125
1295;5131
1296;5133
1297;5139
1298;5141
1299;5147
1300;5149
1301;5155
1302;5157
1303;5163
1304;5165
1305;5171
1306;5173
1307;5179
1308;5185
1309;5187
1310;5189
1311;5195
1312;5197
1313;5203
1314;5205
1315;5211
1316;5213
1317;5219
1318;5221
1319;5227
1320;5229
1321;5235
1322;5237
1323;5243
1324;5245
1325;5251
1326;5253
1327;5259
1328;5261
1329;5267
1330;5269
1331;5275
1332;5281
1333;5283
1334;5285
1335;5291
1336;5293
1337;5299
1338;5301
1339;5307
1340;5309
1341;5315
1342;5317
1343;5323
1344;5325
1345;5331
1346;5333
1347;5339
1348;5341
1349;5347
1350;5349
1351;5355
1352;5357
1353;5363
1354;5365
1355;5371
1356;5377
1357;5379
1358;5381
1359;5387
1360;5389
1361;5395
1362;5397
1363;5403
1364;5405
1365;5411
1366;5413
1367;5419
1368;5421
1369;5427
1370;5429
1371;5435
1372;5437
1373;5443
1374;5445
1375;5451
1376;5453
1377;5459
1378;5461
1379;5467
1380;5473
1381;5475
1382;5477
1383;5483
1384;5485
1385;5491
1386;5493
1387;5499
1388;5501
1389;5507
1390;5509
1391;5515
1392;5517
1393;5523
1394;5525
1395;5531
1396;5533
1397;5539
1398;5541
1399;5547
1400;5549
1401;5555
1402;5557
1403;5563
1404;5569
1405;5571
1406;5573
1407;5579
1408;5581
1409;5587
1410;5589
1411;5595
1412;5597
1413;5603
1414;5605
1415;5611
1416;5613
1417;5619
1418;5621
1419;5627
1420;5629
1421;5635
1422;5637
1423;5643
1424;5645
1425;5651
1426;5653
1427;5659
1428;5665
1429;5667
1430;5669
1431;5675
1432;5677
1433;5683
1434;5685
1435;5691
1436;5693
1437;5699
1438;5701
1439;5707
1440;5709
1441;5715
1442;5717
1443;5723
1444;5725
1445;5731
1446;5733
1447;5739
1448;5741
1449;5747
1450;5749
1451;5755
1452;5761
1453;5763
1454;5765
1455;5771
1456;5773
1457;5779
1458;5781
1459;5787
1460;5789
1461;5795
1462;5797
1463;5803
1464;5805
1465;5811
1466;5813
1467;5819
1468;5821
1469;5827
1470;5829
1471;5835
1472;5837
1473;5843
1474;5845
1475;5851
1476;5857
1477;5859
1478;5861
1479;5867
1480;5869
1481;5875
1482;5877
1483;5883
1484;5885
1485;5891
1486;5893
1487;5899
1488;5901
1489;5907
1490;5909
1491;5915
1492;5917
1493;5923
1494;5925
1495;5931
1496;5933
1497;5939
1498;5941
1499;5947
1500;5953
1501;5955
1502;5957
1503;5963
1504;5965
1505;5971
1506;5973
1507;5979
1508;5981
1509;5987
1510;5989
1511;5995
1512;5997
1513;6003
1514;6005
1515;6011
1516;6013
1517;6019
1518;6021
1519;6027
1520;6029
1521;6035
1522;6037
1523;6043
1524;6049
1525;6051
1526;6053
1527;6059
1528;6061
1529;6067
1530;6069
1531;6075
1532;6077
1533;6083
1534;6085
1535;6091
1536;6093
1537;6099
1538;6101
1539;6107
1540;6109
1541;6115
1542;6117
1543;6123
1544;6125
1545;6131
1546;6133
1547;6139
1548;6145
1549;6147
1550;6149
1551;6155
1552;6157
1553;6163
1554;6165
1555;6171
1556;6173
1557;6179
1558;6181
1559;6187
1560;6189
1561;6195
1562;6197
1563;6203
1564;6205
1565;6211
1566;6213
1567;6219
1568;6221
1569;6227
1570;6229
1571;6235
1572;6241
1573;6243
1574;6245
1575;6251
1576;6253
1577;6259
1578;6261
1579;6267
1580;6269
1581;6275
1582;6277
1583;6283
1584;6285
1585;6291
1586;6293
1587;6299
1588;6301
1589;6307
1590;6309
1591;6315
1592;6317
1593;6323
1594;6325
1595;6331
1596;6337
1597;6339
1598;6341
1599;6347
1600;6349
1601;6355
1602;6357
1603;6363
1604;6365
1605;6371
1606;6373
1607;6379
1608;6381
1609;6387
1610;6389
1611;6395
1612;6397
1613;6403
1614;6405
1615;6411
1616;6413
1617;6419
1618;6421
1619;6427
1620;6433
1621;6435
1622;6437
1623;6443
1624;6445
1625;6451
1626;6453
1627;6459
1628;6461
1629;6467
1630;6469
1631;6475
1632;6477
1633;6483
1634;6485
1635;6491
1636;6493
1637;6499
1638;6501
1639;6507
1640;6509
1641;6515
1642;6517
1643;6523
1644;6529
1645;6531
1646;6533
1647;6539
1648;6541
1649;6547
1650;6549
1651;6555
1652;6557
1653;6563
1654;6565
1655;6571
1656;6573
1657;6579
1658;6581
1659;6587
1660;6589
1661;6595
1662;6597
1663;6603
1664;6605
1665;6611
1666;6613
1667;6619
1668;6625
1669;6627
1670;6629
1671;6635
1672;6637
1673;6643
1674;6645
1675;6651
1676;6653
1677;6659
1678;6661
1679;6667
1680;6669
1681;6675
1682;6677
1683;6683
1684;6685
1685;6691
1686;6693
1687;6699
1688;6701
1689;6707
1690;6709
1691;6715
1692;6721
1693;6723
1694;6725
1695;6731
1696;6733
1697;6739
1698;6741
1699;6747
1700;6749
1701;6755
1702;6757
1703;6763
1704;6765
1705;6771
1706;6773
1707;6779
1708;6781
1709;6787
1710;6789
1711;6795
1712;6797
1713;6803
1714;6805
1715;6811
1716;6817
1717;6819
1718;6821
1719;6827
1720;6829
1721;6835
1722;6837
1723;6843
1724;6845
1725;6851
1726;6853
1727;6859
1728;6861
1729;6867
1730;6869
1731;6875
1732;6877
1733;6883
1734;6885
1735;6891
1736;6893
1737;6899
1738;6901
1739;6907
1740;6913
1741;6915
1742;6917
1743;6923
1744;6925
1745;6931
1746;6933
1747;6939
1748;6941
1749;6947
1750;6949
1751;6955
1752;6957
1753;6963
1754;6965
1755;6971
1756;6973
1757;6979
1758;6981
1759;6987
1760;6989
1761;6995
1762;6997
1763;7003
1764;7009
1765;7011
1766;7013
1767;7019
1768;7021
1769;7027
1770;7029
1771;7035
1772;7037
1773;7043
1774;7045
1775;7051
1776;7053
1777;7059
1778;7061
1779;7067
1780;7069
1781;7075
1782;7077
1783;7083
1784;7085
1785;7091
1786;7093
1787;7099
1788;7105
1789;7107
1790;7109
1791;7115
1792;7117
1793;7123
1794;7125
1795;7131
1796;7133
1797;7139
1798;7141
1799;7147
1800;7149
1801;7155
1802;7157
1803;7163
1804;7165
1805;7171
1806;7173
1807;7179
1808;7181
1809;7187
1810;7189
1811;7195
1812;7201
1813;7203
1814;7205
1815;7211
1816;7213
1817;7219
1818;7221
1819;7227
1820;7229
1821;7235
1822;7237
1823;7243
1824;7245
1825;7251
1826;7253
1827;7259
1828;7261
1829;7267
1830;7269
1831;7275
1832;7277
1833;7283
1834;7285
1835;7291
1836;7297
1837;7299
1838;7301
1839;7307
1840;7309
1841;7315
1842;7317
1843;7323
1844;7325
1845;7331
1846;7333
1847;7339
1848;7341
1849;7347
1850;7349
1851;7355
1852;7357
1853;7363
1854;7365
1855;7371
1856;7373
1857;7379
1858;7381
1859;7387
1860;7393
1861;7395
1862;7397
1863;7403
1864;7405
1865;7411
1866;7413
1867;7419
1868;7421
1869;7427
1870;7429
1871;7435
1872;7437
1873;7443
1874;7445
1875;7451
1876;7453
1877;7459
1878;7461
1879;7467
1880;7469
1881;7475
1882;7477
1883;7483
1884;7489
1885;7491
1886;7493
1887;7499
1888;7501
1889;7507
1890;7509
1891;7515
1892;7517
1893;7523
1894;7525
1895;7531
1896;7533
1897;7539
1898;7541
1899;7547
1900;7549
1901;7555
1902;7557
1903;7563
1904;7565
1905;7571
1906;7573
1907;7579
1908;7585
1909;7587
1910;7589
1911;7595
1912;7597
1913;7603
1914;7605
1915;7611
1916;7613
1917;7619
1918;7621
1919;7627
1920;7629
1921;7635
1922;7637
1923;7643
1924;7645
1925;7651
1926;7653
1927;7659
1928;7661
1929;7667
1930;7669
1931;7675
1932;7681
1933;7683
1934;7685
1935;7691
1936;7693
1937;7699
1938;7701
1939;7707
1940;7709
1941;7715
1942;7717
1943;7723
1944;7725
1945;7731
1946;7733
1947;7739
1948;7741
1949;7747
1950;7749
1951;7755
1952;7757
1953;7763
1954;7765
1955;7771
1956;7777
1957;7779
1958;7781
1959;7787
1960;7789
1961;7795
1962;7797
1963;7803
1964;7805
1965;7811
1966;7813
1967;7819
1968;7821
1969;7827
1970;7829
1971;7835
1972;7837
1973;7843
1974;7845
1975;7851
1976;7853
1977;7859
1978;7861
1979;7867
1980;7873
1981;7875
1982;7877
1983;7883
1984;7885
1985;7891
1986;7893
1987;7899
1988;7901
1989;7907
1990;7909
1991;7915
1992;7917
1993;7923
1994;7925
1995;7931
1996;7933
1997;7939
1998;7941
1999;7947
2000;7949
2001;7955
2002;7957
2003;7963
2004;7969
2005;7971
2006;7973
2007;7979
2008;7981
2009;7987
2010;7989
2011;7995
2012;7997
2013;8003
2014;8005
2015;8011
2016;8013
2017;8019
2018;8021
2019;8027
2020;8029
2021;8035
2022;8037
2023;8043
2024;8045
2025;8051
2026;8053
2027;8059
2028;8065
2029;8067
2030;8069
2031;8075
2032;8077
2033;8083
2034;8085
2035;8091
2036;8093
2037;8099
2038;8101
2039;8107
2040;8109
2041;8115
2042;8117
2043;8123
2044;8125
2045;8131
2046;8133
2047;8139
2048;8141
2049;8147
2050;8149
2051;8155
2052;8161
2053;8163
2054;8165
2055;8171
2056;8173
2057;8179
2058;8181
2059;8187
2060;8189
2061;8195
2062;8197
2063;8203
2064;8205
2065;8211
2066;8213
2067;8219
2068;8221
2069;8227
2070;8229
2071;8235
2072;8237
2073;8243
2074;8245
2075;8251
2076;8257
2077;8259
2078;8261
2079;8267
2080;8269
2081;8275
2082;8277
2083;8283
2084;8285
2085;8291
2086;8293
2087;8299
2088;8301
2089;8307
2090;8309
2091;8315
2092;8317
2093;8323
2094;8325
2095;8331
2096;8333
2097;8339
2098;8341
2099;8347
2100;8353
2101;8355
2102;8357
2103;8363
2104;8365
2105;8371
2106;8373
2107;8379
2108;8381
2109;8387
2110;8389
2111;8395
2112;8397
2113;8403
2114;8405
2115;8411
2116;8413
2117;8419
2118;8421
2119;8427
2120;8429
2121;8435
2122;8437
2123;8443
2124;8449
2125;8451
2126;8453
2127;8459
2128;8461
2129;8467
2130;8469
2131;8475
2132;8477
2133;8483
2134;8485
2135;8491
2136;8493
2137;8499
2138;8501
2139;8507
2140;8509
2141;8515
2142;8517
2143;8523
2144;8525
2145;8531
2146;8533
2147;8539
2148;8545
2149;8547
2150;8549
2151;8555
2152;8557
2153;8563
2154;8565
2155;8571
2156;8573
2157;8579
2158;8581
2159;8587
2160;8589
2161;8595
2162;8597
2163;8603
2164;8605
2165;8611
2166;8613
2167;8619
2168;8621
2169;8627
2170;8629
2171;8635
2172;8641
2173;8643
2174;8645
2175;8651
2176;8653
2177;8659
2178;8661
2179;8667
2180;8669
2181;8675
2182;8677
2183;8683
2184;8685
2185;8691
2186;8693
2187;8699
2188;8701
2189;8707
2190;8709
2191;8715
2192;8717
2193;8723
2194;8725
2195;8731
2196;8737
2197;8739
2198;8741
2199;8747
2200;8749
2201;8755
2202;8757
2203;8763
2204;8765
2205;8771
2206;8773
2207;8779
2208;8781
2209;8787
2210;8789
2211;8795
2212;8797
2213;8803
2214;8805
2215;8811
2216;8813
2217;8819
2218;8821
2219;8827
2220;8833
2221;8835
2222;8837
2223;8843
2224;8845
2225;8851
2226;8853
2227;8859
2228;8861
2229;8867
2230;8869
2231;8875
2232;8877
2233;8883
2234;8885
2235;8891
2236;8893
2237;8899
2238;8901
2239;8907
2240;8909
2241;8915
2242;8917
2243;8923
2244;8929
2245;8931
2246;8933
2247;8939
2248;8941
2249;8947
2250;8949
2251;8955
2252;8957
2253;8963
2254;8965
2255;8971
2256;8973
2257;8979
2258;8981
2259;8987
2260;8989
2261;8995
2262;8997
2263;9003
2264;9005
2265;9011
2266;9013
2267;9019
2268;9025
2269;9027
2270;9029
2271;9035
2272;9037
2273;9043
2274;9045
2275;9051
2276;9053
2277;9059
2278;9061
2279;9067
2280;9069
2281;9075
2282;9077
2283;9083
2284;9085
2285;9091
2286;9093
2287;9099
2288;9101
2289;9107
2290;9109
2291;9115
2292;9121
2293;9125
2294;9133
2295;9141
2296;9149
2297;9157
2298;9165
2299;9173
2300;9181
2301;9189
2302;9197
2303;9205
