ID;incident_dart;x;y;z
1;0;1.250000;0.000000;0.000000
2;2;1.239306;0.000000;-0.163158
3;4;1.206099;0.125000;-0.158786
4;6;1.216506;0.125000;0.000000
5;12;1.115376;0.216506;-0.146842
6;14;1.125000;0.216506;0.000000
7;20;0.991445;0.250000;-0.130526
8;22;1.000000;0.250000;0.000000
9;28;0.867514;0.216506;-0.114210
10;30;0.875000;0.216506;0.000000
11;36;0.776791;0.125000;-0.102266
12;38;0.783494;0.125000;0.000000
13;44;0.743584;0.000000;-0.097895
14;46;0.750000;0.000000;0.000000
15;52;0.776791;-0.125000;-0.102266
16;54;0.783494;-0.125000;-0.000000
17;60;0.867514;-0.216506;-0.114210
18;62;0.875000;-0.216506;-0.000000
19;68;0.991445;-0.250000;-0.130526
20;70;1.000000;-0.250000;-0.000000
21;76;1.115376;-0.216506;-0.146842
22;78;1.125000;-0.216506;-0.000000
23;84;1.206099;-0.125000;-0.158786
24;86;1.216506;-0.125000;-0.000000
25;98;1.207407;0.000000;-0.323524
26;100;1.175055;0.125000;-0.314855
27;108;1.086667;0.216506;-0.291171
28;116;0.965926;0.250000;-0.258819
29;124;0.845185;0.216506;-0.226467
30;132;0.756797;0.125000;-0.202783
31;140;0.724444;0.000000;-0.194114
32;148;0.756797;-0.125000;-0.202783
33;156;0.845185;-0.216506;-0.226467
34;164;0.965926;-0.250000;-0.258819
35;172;1.086667;-0.216506;-0.291171
36;180;1.175055;-0.125000;-0.314855
37;194;1.154849;0.000000;-0.478354
38;196;1.123905;0.125000;-0.465537
39;204;1.039364;0.216506;-0.430519
40;212;0.923880;0.250000;-0.382683
41;220;0.808395;0.216506;-0.334848
42;228;0.723854;0.125000;-0.299830
43;236;0.692910;0.000000;-0.287013
44;244;0.723854;-0.125000;-0.299830
45;252;0.808395;-0.216506;-0.334848
46;260;0.923880;-0.250000;-0.382683
47;268;1.039364;-0.216506;-0.430519
48;276;1.123905;-0.125000;-0.465537
49;290;1.082532;0.000000;-0.625000
50;292;1.053525;0.125000;-0.608253
51;300;0.974279;0.216506;-0.562500
52;308;0.866025;0.250000;-0.500000
53;316;0.757772;0.216506;-0.437500
54;324;0.678525;0.125000;-0.391747
55;332;0.649519;0.000000;-0.375000
56;340;0.678525;-0.125000;-0.391747
57;348;0.757772;-0.216506;-0.437500
58;356;0.866025;-0.250000;-0.500000
59;364;0.974279;-0.216506;-0.562500
60;372;1.053525;-0.125000;-0.608253
61;386;0.991692;0.000000;-0.760952
62;388;0.965119;0.125000;-0.740562
63;396;0.892523;0.216506;-0.684856
64;404;0.793353;0.250000;-0.608761
65;412;0.694184;0.216506;-0.532666
66;420;0.621587;0.125000;-0.476961
67;428;0.595015;0.000000;-0.456571
68;436;0.621587;-0.125000;-0.476961
69;444;0.694184;-0.216506;-0.532666
70;452;0.793353;-0.250000;-0.608761
71;460;0.892523;-0.216506;-0.684856
72;468;0.965119;-0.125000;-0.740562
73;482;0.883883;0.000000;-0.883884
74;484;0.860200;0.125000;-0.860200
75;492;0.795495;0.216506;-0.795495
76;500;0.707107;0.250000;-0.707107
77;508;0.618718;0.216506;-0.618719
78;516;0.554014;0.125000;-0.554014
79;524;0.530330;0.000000;-0.530330
80;532;0.554014;-0.125000;-0.554014
81;540;0.618718;-0.216506;-0.618719
82;548;0.707107;-0.250000;-0.707107
83;556;0.795495;-0.216506;-0.795495
84;564;0.860200;-0.125000;-0.860200
85;578;0.760952;0.000000;-0.991691
86;580;0.740562;0.125000;-0.965119
87;588;0.684857;0.216506;-0.892522
88;596;0.608762;0.250000;-0.793353
89;604;0.532666;0.216506;-0.694184
90;612;0.476961;0.125000;-0.621587
91;620;0.456571;0.000000;-0.595015
92;628;0.476961;-0.125000;-0.621587
93;636;0.532666;-0.216506;-0.694184
94;644;0.608762;-0.250000;-0.793353
95;652;0.684857;-0.216506;-0.892522
96;660;0.740562;-0.125000;-0.965119
97;674;0.625000;0.000000;-1.082532
98;676;0.608253;0.125000;-1.053525
99;684;0.562500;0.216506;-0.974279
100;692;0.500000;0.250000;-0.866025
101;700;0.437500;0.216506;-0.757772
102;708;0.391747;0.125000;-0.678525
103;716;0.375000;0.000000;-0.649519
104;724;0.391747;-0.125000;-0.678525
105;732;0.437500;-0.216506;-0.757772
106;740;0.500000;-0.250000;-0.866025
107;748;0.562500;-0.216506;-0.974279
108;756;0.608253;-0.125000;-1.053525
109;770;0.478355;0.000000;-1.154849
110;772;0.465537;0.125000;-1.123905
111;780;0.430519;0.216506;-1.039364
112;788;0.382684;0.250000;-0.923879
113;796;0.334848;0.216506;-0.808394
114;804;0.299830;0.125000;-0.723854
115;812;0.287013;0.000000;-0.692910
116;820;0.299830;-0.125000;-0.723854
117;828;0.334848;-0.216506;-0.808394
118;836;0.382684;-0.250000;-0.923879
119;844;0.430519;-0.216506;-1.039364
120;852;0.465537;-0.125000;-1.123905
121;866;0.323524;0.000000;-1.207407
122;868;0.314855;0.125000;-1.175055
123;876;0.291171;0.216506;-1.086667
124;884;0.258819;0.250000;-0.965926
125;892;0.226467;0.216506;-0.845185
126;900;0.202783;0.125000;-0.756797
127;908;0.194114;0.000000;-0.724444
128;916;0.202783;-0.125000;-0.756797
129;924;0.226467;-0.216506;-0.845185
130;932;0.258819;-0.250000;-0.965926
131;940;0.291171;-0.216506;-1.086667
132;948;0.314855;-0.125000;-1.175055
133;962;0.163158;0.000000;-1.239306
134;964;0.158786;0.125000;-1.206099
135;972;0.146842;0.216506;-1.115376
136;980;0.130526;0.250000;-0.991445
137;988;0.114210;0.216506;-0.867514
138;996;0.102266;0.125000;-0.776791
139;1004;0.097895;0.000000;-0.743584
140;1012;0.102266;-0.125000;-0.776791
141;1020;0.114210;-0.216506;-0.867514
142;1028;0.130526;-0.250000;-0.991445
143;1036;0.146842;-0.216506;-1.115376
144;1044;0.158786;-0.125000;-1.206099
145;1058;0.000000;0.000000;-1.250000
146;1060;0.000000;0.125000;-1.216506
147;1068;0.000000;0.216506;-1.125000
148;1076;0.000000;0.250000;-1.000000
149;1084;0.000000;0.216506;-0.875000
150;1092;0.000000;0.125000;-0.783494
151;1100;0.000000;0.000000;-0.750000
152;1108;0.000000;-0.125000;-0.783494
153;1116;0.000000;-0.216506;-0.875000
154;1124;0.000000;-0.250000;-1.000000
155;1132;0.000000;-0.216506;-1.125000
156;1140;0.000000;-0.125000;-1.216506
157;1154;-0.163158;0.000000;-1.239306
158;1156;-0.158786;0.125000;-1.206099
159;1164;-0.146842;0.216506;-1.115375
160;1172;-0.130526;0.250000;-0.991445
161;1180;-0.114211;0.216506;-0.867514
162;1188;-0.102267;0.125000;-0.776791
163;1196;-0.097895;0.000000;-0.743584
164;1204;-0.102267;-0.125000;-0.776791
165;1212;-0.114211;-0.216506;-0.867514
166;1220;-0.130526;-0.250000;-0.991445
167;1228;-0.146842;-0.216506;-1.115375
168;1236;-0.158786;-0.125000;-1.206099
169;1250;-0.323524;0.000000;-1.207407
170;1252;-0.314855;0.125000;-1.175055
171;1260;-0.291171;0.216506;-1.086667
172;1268;-0.258819;0.250000;-0.965926
173;1276;-0.226467;0.216506;-0.845185
174;1284;-0.202783;0.125000;-0.756797
175;1292;-0.194114;0.000000;-0.724444
176;1300;-0.202783;-0.125000;-0.756797
177;1308;-0.226467;-0.216506;-0.845185
178;1316;-0.258819;-0.250000;-0.965926
179;1324;-0.291171;-0.216506;-1.086667
180;1332;-0.314855;-0.125000;-1.175055
181;1346;-0.478354;0.000000;-1.154849
182;1348;-0.465537;0.125000;-1.123905
183;1356;-0.430519;0.216506;-1.039364
184;1364;-0.382684;0.250000;-0.923880
185;1372;-0.334848;0.216506;-0.808395
186;1380;-0.299830;0.125000;-0.723854
187;1388;-0.287013;0.000000;-0.692910
188;1396;-0.299830;-0.125000;-0.723854
189;1404;-0.334848;-0.216506;-0.808395
190;1412;-0.382684;-0.250000;-0.923880
191;1420;-0.430519;-0.216506;-1.039364
192;1428;-0.465537;-0.125000;-1.123905
193;1442;-0.625000;0.000000;-1.082532
194;1444;-0.608253;0.125000;-1.053526
195;1452;-0.562500;0.216506;-0.974279
196;1460;-0.500000;0.250000;-0.866026
197;1468;-0.437500;0.216506;-0.757772
198;1476;-0.391747;0.125000;-0.678525
199;1484;-0.375000;0.000000;-0.649519
200;1492;-0.391747;-0.125000;-0.678525
201;1500;-0.437500;-0.216506;-0.757772
202;1508;-0.500000;-0.250000;-0.866026
203;1516;-0.562500;-0.216506;-0.974279
204;1524;-0.608253;-0.125000;-1.053526
205;1538;-0.760952;0.000000;-0.991692
206;1540;-0.740562;0.125000;-0.965119
207;1548;-0.684857;0.216506;-0.892522
208;1556;-0.608761;0.250000;-0.793353
209;1564;-0.532666;0.216506;-0.694184
210;1572;-0.476961;0.125000;-0.621587
211;1580;-0.456571;0.000000;-0.595015
212;1588;-0.476961;-0.125000;-0.621587
213;1596;-0.532666;-0.216506;-0.694184
214;1604;-0.608761;-0.250000;-0.793353
215;1612;-0.684857;-0.216506;-0.892522
216;1620;-0.740562;-0.125000;-0.965119
217;1634;-0.883884;0.000000;-0.883883
218;1636;-0.860200;0.125000;-0.860200
219;1644;-0.795495;0.216506;-0.795495
220;1652;-0.707107;0.250000;-0.707107
221;1660;-0.618719;0.216506;-0.618718
222;1668;-0.554014;0.125000;-0.554013
223;1676;-0.530330;0.000000;-0.530330
224;1684;-0.554014;-0.125000;-0.554013
225;1692;-0.618719;-0.216506;-0.618718
226;1700;-0.707107;-0.250000;-0.707107
227;1708;-0.795495;-0.216506;-0.795495
228;1716;-0.860200;-0.125000;-0.860200
229;1730;-0.991692;0.000000;-0.760952
230;1732;-0.965119;0.125000;-0.740562
231;1740;-0.892522;0.216506;-0.684857
232;1748;-0.793353;0.250000;-0.608761
233;1756;-0.694184;0.216506;-0.532666
234;1764;-0.621587;0.125000;-0.476961
235;1772;-0.595015;0.000000;-0.456571
236;1780;-0.621587;-0.125000;-0.476961
237;1788;-0.694184;-0.216506;-0.532666
238;1796;-0.793353;-0.250000;-0.608761
239;1804;-0.892522;-0.216506;-0.684857
240;1812;-0.965119;-0.125000;-0.740562
241;1826;-1.082532;0.000000;-0.625000
242;1828;-1.053525;0.125000;-0.608253
243;1836;-0.974278;0.216506;-0.562500
244;1844;-0.866025;0.250000;-0.500000
245;1852;-0.757772;0.216506;-0.437500
246;1860;-0.678525;0.125000;-0.391747
247;1868;-0.649519;0.000000;-0.375000
248;1876;-0.678525;-0.125000;-0.391747
249;1884;-0.757772;-0.216506;-0.437500
250;1892;-0.866025;-0.250000;-0.500000
251;1900;-0.974278;-0.216506;-0.562500
252;1908;-1.053525;-0.125000;-0.608253
253;1922;-1.154849;0.000000;-0.478354
254;1924;-1.123905;0.125000;-0.465537
255;1932;-1.039364;0.216506;-0.430519
256;1940;-0.923880;0.250000;-0.382683
257;1948;-0.808395;0.216506;-0.334848
258;1956;-0.723854;0.125000;-0.299830
259;1964;-0.692910;0.000000;-0.287013
260;1972;-0.723854;-0.125000;-0.299830
261;1980;-0.808395;-0.216506;-0.334848
262;1988;-0.923880;-0.250000;-0.382683
263;1996;-1.039364;-0.216506;-0.430519
264;2004;-1.123905;-0.125000;-0.465537
265;2018;-1.207407;0.000000;-0.323524
266;2020;-1.175055;0.125000;-0.314855
267;2028;-1.086667;0.216506;-0.291171
268;2036;-0.965926;0.250000;-0.258819
269;2044;-0.845185;0.216506;-0.226467
270;2052;-0.756797;0.125000;-0.202783
271;2060;-0.724444;0.000000;-0.194114
272;2068;-0.756797;-0.125000;-0.202783
273;2076;-0.845185;-0.216506;-0.226467
274;2084;-0.965926;-0.250000;-0.258819
275;2092;-1.086667;-0.216506;-0.291171
276;2100;-1.175055;-0.125000;-0.314855
277;2114;-1.239306;0.000000;-0.163158
278;2116;-1.206099;0.125000;-0.158786
279;2124;-1.115375;0.216506;-0.146842
280;2132;-0.991445;0.250000;-0.130526
281;2140;-0.867514;0.216506;-0.114211
282;2148;-0.776791;0.125000;-0.102267
283;2156;-0.743584;0.000000;-0.097895
284;2164;-0.776791;-0.125000;-0.102267
285;2172;-0.867514;-0.216506;-0.114211
286;2180;-0.991445;-0.250000;-0.130526
287;2188;-1.115375;-0.216506;-0.146842
288;2196;-1.206099;-0.125000;-0.158786
289;2210;-1.250000;0.000000;0.000000
290;2212;-1.216506;0.125000;0.000000
291;2220;-1.125000;0.216506;0.000000
292;2228;-1.000000;0.250000;0.000000
293;2236;-0.875000;0.216506;0.000000
294;2244;-0.783494;0.125000;0.000000
295;2252;-0.750000;0.000000;0.000000
296;2260;-0.783494;-0.125000;-0.000000
297;2268;-0.875000;-0.216506;-0.000000
298;2276;-1.000000;-0.250000;-0.000000
299;2284;-1.125000;-0.216506;-0.000000
300;2292;-1.216506;-0.125000;-0.000000
301;2306;-1.239306;-0.000000;0.163158
302;2308;-1.206099;0.125000;0.158786
303;2316;-1.115375;0.216506;0.146842
304;2324;-0.991445;0.250000;0.130526
305;2332;-0.867514;0.216506;0.114211
306;2340;-0.776791;0.125000;0.102267
307;2348;-0.743584;-0.000000;0.097895
308;2356;-0.776791;-0.125000;0.102267
309;2364;-0.867514;-0.216506;0.114211
310;2372;-0.991445;-0.250000;0.130526
311;2380;-1.115375;-0.216506;0.146842
312;2388;-1.206099;-0.125000;0.158786
313;2402;-1.207407;-0.000000;0.323524
314;2404;-1.175055;0.125000;0.314855
315;2412;-1.086667;0.216506;0.291171
316;2420;-0.965926;0.250000;0.258819
317;2428;-0.845185;0.216506;0.226467
318;2436;-0.756797;0.125000;0.202783
319;2444;-0.724444;-0.000000;0.194114
320;2452;-0.756797;-0.125000;0.202783
321;2460;-0.845185;-0.216506;0.226467
322;2468;-0.965926;-0.250000;0.258819
323;2476;-1.086667;-0.216506;0.291171
324;2484;-1.175055;-0.125000;0.314855
325;2498;-1.154850;-0.000000;0.478354
326;2500;-1.123906;0.125000;0.465536
327;2508;-1.039365;0.216506;0.430518
328;2516;-0.923880;0.250000;0.382683
329;2524;-0.808395;0.216506;0.334848
330;2532;-0.723854;0.125000;0.299830
331;2540;-0.692910;-0.000000;0.287012
332;2548;-0.723854;-0.125000;0.299830
333;2556;-0.808395;-0.216506;0.334848
334;2564;-0.923880;-0.250000;0.382683
335;2572;-1.039365;-0.216506;0.430518
336;2580;-1.123906;-0.125000;0.465536
337;2594;-1.082532;-0.000000;0.625000
338;2596;-1.053526;0.125000;0.608253
339;2604;-0.974279;0.216506;0.562500
340;2612;-0.866026;0.250000;0.500000
341;2620;-0.757772;0.216506;0.437500
342;2628;-0.678525;0.125000;0.391747
343;2636;-0.649519;-0.000000;0.375000
344;2644;-0.678525;-0.125000;0.391747
345;2652;-0.757772;-0.216506;0.437500
346;2660;-0.866026;-0.250000;0.500000
347;2668;-0.974279;-0.216506;0.562500
348;2676;-1.053526;-0.125000;0.608253
349;2690;-0.991692;-0.000000;0.760952
350;2692;-0.965119;0.125000;0.740562
351;2700;-0.892522;0.216506;0.684857
352;2708;-0.793353;0.250000;0.608761
353;2716;-0.694184;0.216506;0.532666
354;2724;-0.621587;0.125000;0.476961
355;2732;-0.595015;-0.000000;0.456571
356;2740;-0.621587;-0.125000;0.476961
357;2748;-0.694184;-0.216506;0.532666
358;2756;-0.793353;-0.250000;0.608761
359;2764;-0.892522;-0.216506;0.684857
360;2772;-0.965119;-0.125000;0.740562
361;2786;-0.883884;-0.000000;0.883883
362;2788;-0.860200;0.125000;0.860200
363;2796;-0.795495;0.216506;0.795495
364;2804;-0.707107;0.250000;0.707107
365;2812;-0.618719;0.216506;0.618718
366;2820;-0.554014;0.125000;0.554013
367;2828;-0.530330;-0.000000;0.530330
368;2836;-0.554014;-0.125000;0.554013
369;2844;-0.618719;-0.216506;0.618718
370;2852;-0.707107;-0.250000;0.707107
371;2860;-0.795495;-0.216506;0.795495
372;2868;-0.860200;-0.125000;0.860200
373;2882;-0.760952;-0.000000;0.991691
374;2884;-0.740563;0.125000;0.965119
375;2892;-0.684857;0.216506;0.892522
376;2900;-0.608762;0.250000;0.793353
377;2908;-0.532667;0.216506;0.694184
378;2916;-0.476961;0.125000;0.621587
379;2924;-0.456571;-0.000000;0.595015
380;2932;-0.476961;-0.125000;0.621587
381;2940;-0.532667;-0.216506;0.694184
382;2948;-0.608762;-0.250000;0.793353
383;2956;-0.684857;-0.216506;0.892522
384;2964;-0.740563;-0.125000;0.965119
385;2978;-0.625000;-0.000000;1.082532
386;2980;-0.608253;0.125000;1.053526
387;2988;-0.562500;0.216506;0.974279
388;2996;-0.500000;0.250000;0.866026
389;3004;-0.437500;0.216506;0.757772
390;3012;-0.391747;0.125000;0.678525
391;3020;-0.375000;-0.000000;0.649519
392;3028;-0.391747;-0.125000;0.678525
393;3036;-0.437500;-0.216506;0.757772
394;3044;-0.500000;-0.250000;0.866026
395;3052;-0.562500;-0.216506;0.974279
396;3060;-0.608253;-0.125000;1.053526
397;3074;-0.478354;-0.000000;1.154849
398;3076;-0.465537;0.125000;1.123905
399;3084;-0.430519;0.216506;1.039364
400;3092;-0.382684;0.250000;0.923880
401;3100;-0.334848;0.216506;0.808395
402;3108;-0.299830;0.125000;0.723854
403;3116;-0.287013;-0.000000;0.692910
404;3124;-0.299830;-0.125000;0.723854
405;3132;-0.334848;-0.216506;0.808395
406;3140;-0.382684;-0.250000;0.923880
407;3148;-0.430519;-0.216506;1.039364
408;3156;-0.465537;-0.125000;1.123905
409;3170;-0.323524;-0.000000;1.207407
410;3172;-0.314855;0.125000;1.175055
411;3180;-0.291172;0.216506;1.086666
412;3188;-0.258819;0.250000;0.965926
413;3196;-0.226467;0.216506;0.845185
414;3204;-0.202783;0.125000;0.756797
415;3212;-0.194115;-0.000000;0.724444
416;3220;-0.202783;-0.125000;0.756797
417;3228;-0.226467;-0.216506;0.845185
418;3236;-0.258819;-0.250000;0.965926
419;3244;-0.291172;-0.216506;1.086666
420;3252;-0.314855;-0.125000;1.175055
421;3266;-0.163158;-0.000000;1.239306
422;3268;-0.158787;0.125000;1.206099
423;3276;-0.146843;0.216506;1.115375
424;3284;-0.130527;0.250000;0.991445
425;3292;-0.114211;0.216506;0.867514
426;3300;-0.102267;0.125000;0.776791
427;3308;-0.097895;-0.000000;0.743584
428;3316;-0.102267;-0.125000;0.776791
429;3324;-0.114211;-0.216506;0.867514
430;3332;-0.130527;-0.250000;0.991445
431;3340;-0.146843;-0.216506;1.115375
432;3348;-0.158787;-0.125000;1.206099
433;3362;0.000000;-0.000000;1.250000
434;3364;0.000000;0.125000;1.216506
435;3372;0.000000;0.216506;1.125000
436;3380;0.000000;0.250000;1.000000
437;3388;0.000000;0.216506;0.875000
438;3396;0.000000;0.125000;0.783494
439;3404;0.000000;-0.000000;0.750000
440;3412;0.000000;-0.125000;0.783494
441;3420;0.000000;-0.216506;0.875000
442;3428;0.000000;-0.250000;1.000000
443;3436;0.000000;-0.216506;1.125000
444;3444;0.000000;-0.125000;1.216506
445;3458;0.163158;-0.000000;1.239306
446;3460;0.158786;0.125000;1.206099
447;3468;0.146842;0.216506;1.115376
448;3476;0.130526;0.250000;0.991445
449;3484;0.114210;0.216506;0.867514
450;3492;0.102266;0.125000;0.776791
451;3500;0.097895;-0.000000;0.743584
452;3508;0.102266;-0.125000;0.776791
453;3516;0.114210;-0.216506;0.867514
454;3524;0.130526;-0.250000;0.991445
455;3532;0.146842;-0.216506;1.115376
456;3540;0.158786;-0.125000;1.206099
457;3554;0.323523;-0.000000;1.207407
458;3556;0.314854;0.125000;1.175055
459;3564;0.291171;0.216506;1.086667
460;3572;0.258819;0.250000;0.965926
461;3580;0.226466;0.216506;0.845185
462;3588;0.202783;0.125000;0.756797
463;3596;0.194114;-0.000000;0.724444
464;3604;0.202783;-0.125000;0.756797
465;3612;0.226466;-0.216506;0.845185
466;3620;0.258819;-0.250000;0.965926
467;3628;0.291171;-0.216506;1.086667
468;3636;0.314854;-0.125000;1.175055
469;3650;0.478355;-0.000000;1.154849
470;3652;0.465537;0.125000;1.123905
471;3660;0.430519;0.216506;1.039364
472;3668;0.382684;0.250000;0.923879
473;3676;0.334848;0.216506;0.808394
474;3684;0.299830;0.125000;0.723854
475;3692;0.287013;-0.000000;0.692910
476;3700;0.299830;-0.125000;0.723854
477;3708;0.334848;-0.216506;0.808394
478;3716;0.382684;-0.250000;0.923879
479;3724;0.430519;-0.216506;1.039364
480;3732;0.465537;-0.125000;1.123905
481;3746;0.625000;-0.000000;1.082532
482;3748;0.608253;0.125000;1.053525
483;3756;0.562500;0.216506;0.974279
484;3764;0.500000;0.250000;0.866025
485;3772;0.437500;0.216506;0.757772
486;3780;0.391747;0.125000;0.678525
487;3788;0.375000;-0.000000;0.649519
488;3796;0.391747;-0.125000;0.678525
489;3804;0.437500;-0.216506;0.757772
490;3812;0.500000;-0.250000;0.866025
491;3820;0.562500;-0.216506;0.974279
492;3828;0.608253;-0.125000;1.053525
493;3842;0.760952;-0.000000;0.991692
494;3844;0.740562;0.125000;0.965120
495;3852;0.684856;0.216506;0.892523
496;3860;0.608761;0.250000;0.793353
497;3868;0.532666;0.216506;0.694184
498;3876;0.476961;0.125000;0.621587
499;3884;0.456571;-0.000000;0.595015
500;3892;0.476961;-0.125000;0.621587
501;3900;0.532666;-0.216506;0.694184
502;3908;0.608761;-0.250000;0.793353
503;3916;0.684856;-0.216506;0.892523
504;3924;0.740562;-0.125000;0.965120
505;3938;0.883883;-0.000000;0.883884
506;3940;0.860199;0.125000;0.860200
507;3948;0.795495;0.216506;0.795496
508;3956;0.707106;0.250000;0.707107
509;3964;0.618718;0.216506;0.618719
510;3972;0.554013;0.125000;0.554014
511;3980;0.530330;-0.000000;0.530330
512;3988;0.554013;-0.125000;0.554014
513;3996;0.618718;-0.216506;0.618719
514;4004;0.707106;-0.250000;0.707107
515;4012;0.795495;-0.216506;0.795496
516;4020;0.860199;-0.125000;0.860200
517;4034;0.991692;-0.000000;0.760952
518;4036;0.965119;0.125000;0.740562
519;4044;0.892523;0.216506;0.684856
520;4052;0.793353;0.250000;0.608761
521;4060;0.694184;0.216506;0.532666
522;4068;0.621587;0.125000;0.476961
523;4076;0.595015;-0.000000;0.456571
524;4084;0.621587;-0.125000;0.476961
525;4092;0.694184;-0.216506;0.532666
526;4100;0.793353;-0.250000;0.608761
527;4108;0.892523;-0.216506;0.684856
528;4116;0.965119;-0.125000;0.740562
529;4130;1.082532;-0.000000;0.625000
530;4132;1.053525;0.125000;0.608253
531;4140;0.974279;0.216506;0.562500
532;4148;0.866025;0.250000;0.500000
533;4156;0.757772;0.216506;0.437500
534;4164;0.678525;0.125000;0.391747
535;4172;0.649519;-0.000000;0.375000
536;4180;0.678525;-0.125000;0.391747
537;4188;0.757772;-0.216506;0.437500
538;4196;0.866025;-0.250000;0.500000
539;4204;0.974279;-0.216506;0.562500
540;4212;1.053525;-0.125000;0.608253
541;4226;1.154849;-0.000000;0.478355
542;4228;1.123905;0.125000;0.465537
543;4236;1.039364;0.216506;0.430519
544;4244;0.923879;0.250000;0.382684
545;4252;0.808394;0.216506;0.334848
546;4260;0.723854;0.125000;0.299830
547;4268;0.692910;-0.000000;0.287013
548;4276;0.723854;-0.125000;0.299830
549;4284;0.808394;-0.216506;0.334848
550;4292;0.923879;-0.250000;0.382684
551;4300;1.039364;-0.216506;0.430519
552;4308;1.123905;-0.125000;0.465537
553;4322;1.207407;-0.000000;0.323523
554;4324;1.175055;0.125000;0.314855
555;4332;1.086667;0.216506;0.291171
556;4340;0.965926;0.250000;0.258819
557;4348;0.845185;0.216506;0.226466
558;4356;0.756797;0.125000;0.202783
559;4364;0.724444;-0.000000;0.194114
560;4372;0.756797;-0.125000;0.202783
561;4380;0.845185;-0.216506;0.226466
562;4388;0.965926;-0.250000;0.258819
563;4396;1.086667;-0.216506;0.291171
564;4404;1.175055;-0.125000;0.314855
565;4418;1.239306;-0.000000;0.163158
566;4420;1.206099;0.125000;0.158786
567;4428;1.115376;0.216506;0.146842
568;4436;0.991445;0.250000;0.130526
569;4444;0.867514;0.216506;0.114210
570;4452;0.776791;0.125000;0.102266
571;4460;0.743584;-0.000000;0.097895
572;4468;0.776791;-0.125000;0.102266
573;4476;0.867514;-0.216506;0.114210
574;4484;0.991445;-0.250000;0.130526
575;4492;1.115376;-0.216506;0.146842
576;4500;1.206099;-0.125000;0.158786
577;4608;1.250000;0.000000;0.000000
578;4614;1.216506;0.125000;0.000000
579;4622;1.125000;0.216506;0.000000
580;4630;1.000000;0.250000;0.000000
581;4638;0.875000;0.216506;0.000000
582;4646;0.783494;0.125000;0.000000
583;4654;0.750000;0.000000;0.000000
584;4662;0.783494;-0.125000;0.000000
585;4670;0.875000;-0.216506;0.000000
586;4678;1.000000;-0.250000;0.000000
587;4686;1.125000;-0.216506;0.000000
588;4694;1.216506;-0.125000;0.000000
589;4610;1.239306;0.000000;-0.163158
590;4612;1.206099;0.125000;-0.158786
591;4620;1.115376;0.216506;-0.146842
592;4628;0.991445;0.250000;-0.130526
593;4636;0.867514;0.216506;-0.114210
594;4644;0.776791;0.125000;-0.102266
595;4652;0.743584;0.000000;-0.097895
596;4660;0.776791;-0.125000;-0.102266
597;4668;0.867514;-0.216506;-0.114210
598;4676;0.991445;-0.250000;-0.130526
599;4684;1.115376;-0.216506;-0.146842
600;4692;1.206099;-0.125000;-0.158786
601;4706;1.207407;0.000000;-0.323524
602;4708;1.175055;0.125000;-0.314855
603;4716;1.086667;0.216506;-0.291171
604;4724;0.965926;0.250000;-0.258819
605;4732;0.845185;0.216506;-0.226467
606;4740;0.756797;0.125000;-0.202783
607;4748;0.724444;0.000000;-0.194114
608;4756;0.756797;-0.125000;-0.202783
609;4764;0.845185;-0.216506;-0.226467
610;4772;0.965926;-0.250000;-0.258819
611;4780;1.086667;-0.216506;-0.291171
612;4788;1.175055;-0.125000;-0.314855
613;4802;1.154849;0.000000;-0.478354
614;4804;1.123905;0.125000;-0.465537
615;4812;1.039364;0.216506;-0.430519
616;4820;0.923880;0.250000;-0.382683
617;4828;0.808395;0.216506;-0.334848
618;4836;0.723854;0.125000;-0.299830
619;4844;0.692910;0.000000;-0.287013
620;4852;0.723854;-0.125000;-0.299830
621;4860;0.808395;-0.216506;-0.334848
622;4868;0.923880;-0.250000;-0.382683
623;4876;1.039364;-0.216506;-0.430519
624;4884;1.123905;-0.125000;-0.465537
625;4898;1.082532;0.000000;-0.625000
626;4900;1.053525;0.125000;-0.608253
627;4908;0.974279;0.216506;-0.562500
628;4916;0.866025;0.250000;-0.500000
629;4924;0.757772;0.216506;-0.437500
630;4932;0.678525;0.125000;-0.391747
631;4940;0.649519;0.000000;-0.375000
632;4948;0.678525;-0.125000;-0.391747
633;4956;0.757772;-0.216506;-0.437500
634;4964;0.866025;-0.250000;-0.500000
635;4972;0.974279;-0.216506;-0.562500
636;4980;1.053525;-0.125000;-0.608253
637;4994;0.991692;0.000000;-0.760952
638;4996;0.965119;0.125000;-0.740562
639;5004;0.892523;0.216506;-0.684856
640;5012;0.793353;0.250000;-0.608761
641;5020;0.694184;0.216506;-0.532666
642;5028;0.621587;0.125000;-0.476961
643;5036;0.595015;0.000000;-0.456571
644;5044;0.621587;-0.125000;-0.476961
645;5052;0.694184;-0.216506;-0.532666
646;5060;0.793353;-0.250000;-0.608761
647;5068;0.892523;-0.216506;-0.684856
648;5076;0.965119;-0.125000;-0.740562
649;5090;0.883883;0.000000;-0.883884
650;5092;0.860200;0.125000;-0.860200
651;5100;0.795495;0.216506;-0.795495
652;5108;0.707107;0.250000;-0.707107
653;5116;0.618718;0.216506;-0.618719
654;5124;0.554014;0.125000;-0.554014
655;5132;0.530330;0.000000;-0.530330
656;5140;0.554014;-0.125000;-0.554014
657;5148;0.618718;-0.216506;-0.618719
658;5156;0.707107;-0.250000;-0.707107
659;5164;0.795495;-0.216506;-0.795495
660;5172;0.860200;-0.125000;-0.860200
661;5186;0.760952;0.000000;-0.991691
662;5188;0.740562;0.125000;-0.965119
663;5196;0.684857;0.216506;-0.892522
664;5204;0.608762;0.250000;-0.793353
665;5212;0.532666;0.216506;-0.694184
666;5220;0.476961;0.125000;-0.621587
667;5228;0.456571;0.000000;-0.595015
668;5236;0.476961;-0.125000;-0.621587
669;5244;0.532666;-0.216506;-0.694184
670;5252;0.608762;-0.250000;-0.793353
671;5260;0.684857;-0.216506;-0.892522
672;5268;0.740562;-0.125000;-0.965119
673;5282;0.625000;0.000000;-1.082532
674;5284;0.608253;0.125000;-1.053525
675;5292;0.562500;0.216506;-0.974279
676;5300;0.500000;0.250000;-0.866025
677;5308;0.437500;0.216506;-0.757772
678;5316;0.391747;0.125000;-0.678525
679;5324;0.375000;0.000000;-0.649519
680;5332;0.391747;-0.125000;-0.678525
681;5340;0.437500;-0.216506;-0.757772
682;5348;0.500000;-0.250000;-0.866025
683;5356;0.562500;-0.216506;-0.974279
684;5364;0.608253;-0.125000;-1.053525
685;5378;0.478355;0.000000;-1.154849
686;5380;0.465537;0.125000;-1.123905
687;5388;0.430519;0.216506;-1.039364
688;5396;0.382684;0.250000;-0.923879
689;5404;0.334848;0.216506;-0.808394
690;5412;0.299830;0.125000;-0.723854
691;5420;0.287013;0.000000;-0.692910
692;5428;0.299830;-0.125000;-0.723854
693;5436;0.334848;-0.216506;-0.808394
694;5444;0.382684;-0.250000;-0.923879
695;5452;0.430519;-0.216506;-1.039364
696;5460;0.465537;-0.125000;-1.123905
697;5474;0.323524;0.000000;-1.207407
698;5476;0.314855;0.125000;-1.175055
699;5484;0.291171;0.216506;-1.086667
700;5492;0.258819;0.250000;-0.965926
701;5500;0.226467;0.216506;-0.845185
702;5508;0.202783;0.125000;-0.756797
703;5516;0.194114;0.000000;-0.724444
704;5524;0.202783;-0.125000;-0.756797
705;5532;0.226467;-0.216506;-0.845185
706;5540;0.258819;-0.250000;-0.965926
707;5548;0.291171;-0.216506;-1.086667
708;5556;0.314855;-0.125000;-1.175055
709;5570;0.163158;0.000000;-1.239306
710;5572;0.158786;0.125000;-1.206099
711;5580;0.146842;0.216506;-1.115376
712;5588;0.130526;0.250000;-0.991445
713;5596;0.114210;0.216506;-0.867514
714;5604;0.102266;0.125000;-0.776791
715;5612;0.097895;0.000000;-0.743584
716;5620;0.102266;-0.125000;-0.776791
717;5628;0.114210;-0.216506;-0.867514
718;5636;0.130526;-0.250000;-0.991445
719;5644;0.146842;-0.216506;-1.115376
720;5652;0.158786;-0.125000;-1.206099
721;5666;0.000000;0.000000;-1.250000
722;5668;0.000000;0.125000;-1.216506
723;5676;0.000000;0.216506;-1.125000
724;5684;0.000000;0.250000;-1.000000
725;5692;0.000000;0.216506;-0.875000
726;5700;0.000000;0.125000;-0.783494
727;5708;0.000000;0.000000;-0.750000
728;5716;0.000000;-0.125000;-0.783494
729;5724;0.000000;-0.216506;-0.875000
730;5732;0.000000;-0.250000;-1.000000
731;5740;0.000000;-0.216506;-1.125000
732;5748;0.000000;-0.125000;-1.216506
733;5762;-0.163158;0.000000;-1.239306
734;5764;-0.158786;0.125000;-1.206099
735;5772;-0.146842;0.216506;-1.115375
736;5780;-0.130526;0.250000;-0.991445
737;5788;-0.114211;0.216506;-0.867514
738;5796;-0.102267;0.125000;-0.776791
739;5804;-0.097895;0.000000;-0.743584
740;5812;-0.102267;-0.125000;-0.776791
741;5820;-0.114211;-0.216506;-0.867514
742;5828;-0.130526;-0.250000;-0.991445
743;5836;-0.146842;-0.216506;-1.115375
744;5844;-0.158786;-0.125000;-1.206099
745;5858;-0.323524;0.000000;-1.207407
746;5860;-0.314855;0.125000;-1.175055
747;5868;-0.291171;0.216506;-1.086667
748;5876;-0.258819;0.250000;-0.965926
749;5884;-0.226467;0.216506;-0.845185
750;5892;-0.202783;0.125000;-0.756797
751;5900;-0.194114;0.000000;-0.724444
752;5908;-0.202783;-0.125000;-0.756797
753;5916;-0.226467;-0.216506;-0.845185
754;5924;-0.258819;-0.250000;-0.965926
755;5932;-0.291171;-0.216506;-1.086667
756;5940;-0.314855;-0.125000;-1.175055
757;5954;-0.478354;0.000000;-1.154849
758;5956;-0.465537;0.125000;-1.123905
759;5964;-0.430519;0.216506;-1.039364
760;5972;-0.382684;0.250000;-0.923880
761;5980;-0.334848;0.216506;-0.808395
762;5988;-0.299830;0.125000;-0.723854
763;5996;-0.287013;0.000000;-0.692910
764;6004;-0.299830;-0.125000;-0.723854
765;6012;-0.334848;-0.216506;-0.808395
766;6020;-0.382684;-0.250000;-0.923880
767;6028;-0.430519;-0.216506;-1.039364
768;6036;-0.465537;-0.125000;-1.123905
769;6050;-0.625000;0.000000;-1.082532
770;6052;-0.608253;0.125000;-1.053526
771;6060;-0.562500;0.216506;-0.974279
772;6068;-0.500000;0.250000;-0.866026
773;6076;-0.437500;0.216506;-0.757772
774;6084;-0.391747;0.125000;-0.678525
775;6092;-0.375000;0.000000;-0.649519
776;6100;-0.391747;-0.125000;-0.678525
777;6108;-0.437500;-0.216506;-0.757772
778;6116;-0.500000;-0.250000;-0.866026
779;6124;-0.562500;-0.216506;-0.974279
780;6132;-0.608253;-0.125000;-1.053526
781;6146;-0.760952;0.000000;-0.991692
782;6148;-0.740562;0.125000;-0.965119
783;6156;-0.684857;0.216506;-0.892522
784;6164;-0.608761;0.250000;-0.793353
785;6172;-0.532666;0.216506;-0.694184
786;6180;-0.476961;0.125000;-0.621587
787;6188;-0.456571;0.000000;-0.595015
788;6196;-0.476961;-0.125000;-0.621587
789;6204;-0.532666;-0.216506;-0.694184
790;6212;-0.608761;-0.250000;-0.793353
791;6220;-0.684857;-0.216506;-0.892522
792;6228;-0.740562;-0.125000;-0.965119
793;6242;-0.883884;0.000000;-0.883883
794;6244;-0.860200;0.125000;-0.860200
795;6252;-0.795495;0.216506;-0.795495
796;6260;-0.707107;0.250000;-0.707107
797;6268;-0.618719;0.216506;-0.618718
798;6276;-0.554014;0.125000;-0.554013
799;6284;-0.530330;0.000000;-0.530330
800;6292;-0.554014;-0.125000;-0.554013
801;6300;-0.618719;-0.216506;-0.618718
802;6308;-0.707107;-0.250000;-0.707107
803;6316;-0.795495;-0.216506;-0.795495
804;6324;-0.860200;-0.125000;-0.860200
805;6338;-0.991692;0.000000;-0.760952
806;6340;-0.965119;0.125000;-0.740562
807;6348;-0.892522;0.216506;-0.684857
808;6356;-0.793353;0.250000;-0.608761
809;6364;-0.694184;0.216506;-0.532666
810;6372;-0.621587;0.125000;-0.476961
811;6380;-0.595015;0.000000;-0.456571
812;6388;-0.621587;-0.125000;-0.476961
813;6396;-0.694184;-0.216506;-0.532666
814;6404;-0.793353;-0.250000;-0.608761
815;6412;-0.892522;-0.216506;-0.684857
816;6420;-0.965119;-0.125000;-0.740562
817;6434;-1.082532;0.000000;-0.625000
818;6436;-1.053525;0.125000;-0.608253
819;6444;-0.974278;0.216506;-0.562500
820;6452;-0.866025;0.250000;-0.500000
821;6460;-0.757772;0.216506;-0.437500
822;6468;-0.678525;0.125000;-0.391747
823;6476;-0.649519;0.000000;-0.375000
824;6484;-0.678525;-0.125000;-0.391747
825;6492;-0.757772;-0.216506;-0.437500
826;6500;-0.866025;-0.250000;-0.500000
827;6508;-0.974278;-0.216506;-0.562500
828;6516;-1.053525;-0.125000;-0.608253
829;6530;-1.154849;0.000000;-0.478354
830;6532;-1.123905;0.125000;-0.465537
831;6540;-1.039364;0.216506;-0.430519
832;6548;-0.923880;0.250000;-0.382683
833;6556;-0.808395;0.216506;-0.334848
834;6564;-0.723854;0.125000;-0.299830
835;6572;-0.692910;0.000000;-0.287013
836;6580;-0.723854;-0.125000;-0.299830
837;6588;-0.808395;-0.216506;-0.334848
838;6596;-0.923880;-0.250000;-0.382683
839;6604;-1.039364;-0.216506;-0.430519
840;6612;-1.123905;-0.125000;-0.465537
841;6626;-1.207407;0.000000;-0.323524
842;6628;-1.175055;0.125000;-0.314855
843;6636;-1.086667;0.216506;-0.291171
844;6644;-0.965926;0.250000;-0.258819
845;6652;-0.845185;0.216506;-0.226467
846;6660;-0.756797;0.125000;-0.202783
847;6668;-0.724444;0.000000;-0.194114
848;6676;-0.756797;-0.125000;-0.202783
849;6684;-0.845185;-0.216506;-0.226467
850;6692;-0.965926;-0.250000;-0.258819
851;6700;-1.086667;-0.216506;-0.291171
852;6708;-1.175055;-0.125000;-0.314855
853;6722;-1.239306;0.000000;-0.163158
854;6724;-1.206099;0.125000;-0.158786
855;6732;-1.115375;0.216506;-0.146842
856;6740;-0.991445;0.250000;-0.130526
857;6748;-0.867514;0.216506;-0.114211
858;6756;-0.776791;0.125000;-0.102267
859;6764;-0.743584;0.000000;-0.097895
860;6772;-0.776791;-0.125000;-0.102267
861;6780;-0.867514;-0.216506;-0.114211
862;6788;-0.991445;-0.250000;-0.130526
863;6796;-1.115375;-0.216506;-0.146842
864;6804;-1.206099;-0.125000;-0.158786
865;6818;-1.250000;0.000000;-0.000000
866;6820;-1.216506;0.125000;-0.000000
867;6828;-1.125000;0.216506;-0.000000
868;6836;-1.000000;0.250000;-0.000000
869;6844;-0.875000;0.216506;-0.000000
870;6852;-0.783494;0.125000;-0.000000
871;6860;-0.750000;0.000000;-0.000000
872;6868;-0.783494;-0.125000;-0.000000
873;6876;-0.875000;-0.216506;-0.000000
874;6884;-1.000000;-0.250000;-0.000000
875;6892;-1.125000;-0.216506;-0.000000
876;6900;-1.216506;-0.125000;-0.000000
877;6914;-1.239306;0.000000;0.163158
878;6916;-1.206099;0.125000;0.158786
879;6924;-1.115375;0.216506;0.146842
880;6932;-0.991445;0.250000;0.130526
881;6940;-0.867514;0.216506;0.114211
882;6948;-0.776791;0.125000;0.102267
883;6956;-0.743584;0.000000;0.097895
884;6964;-0.776791;-0.125000;0.102267
885;6972;-0.867514;-0.216506;0.114211
886;6980;-0.991445;-0.250000;0.130526
887;6988;-1.115375;-0.216506;0.146842
888;6996;-1.206099;-0.125000;0.158786
889;7010;-1.207407;0.000000;0.323524
890;7012;-1.175055;0.125000;0.314855
891;7020;-1.086667;0.216506;0.291171
892;7028;-0.965926;0.250000;0.258819
893;7036;-0.845185;0.216506;0.226467
894;7044;-0.756797;0.125000;0.202783
895;7052;-0.724444;0.000000;0.194114
896;7060;-0.756797;-0.125000;0.202783
897;7068;-0.845185;-0.216506;0.226467
898;7076;-0.965926;-0.250000;0.258819
899;7084;-1.086667;-0.216506;0.291171
900;7092;-1.175055;-0.125000;0.314855
901;7106;-1.154850;0.000000;0.478354
902;7108;-1.123906;0.125000;0.465536
903;7116;-1.039365;0.216506;0.430518
904;7124;-0.923880;0.250000;0.382683
905;7132;-0.808395;0.216506;0.334848
906;7140;-0.723854;0.125000;0.299830
907;7148;-0.692910;0.000000;0.287012
908;7156;-0.723854;-0.125000;0.299830
909;7164;-0.808395;-0.216506;0.334848
910;7172;-0.923880;-0.250000;0.382683
911;7180;-1.039365;-0.216506;0.430518
912;7188;-1.123906;-0.125000;0.465536
913;7202;-1.082532;0.000000;0.625000
914;7204;-1.053526;0.125000;0.608253
915;7212;-0.974279;0.216506;0.562500
916;7220;-0.866026;0.250000;0.500000
917;7228;-0.757772;0.216506;0.437500
918;7236;-0.678525;0.125000;0.391747
919;7244;-0.649519;0.000000;0.375000
920;7252;-0.678525;-0.125000;0.391747
921;7260;-0.757772;-0.216506;0.437500
922;7268;-0.866026;-0.250000;0.500000
923;7276;-0.974279;-0.216506;0.562500
924;7284;-1.053526;-0.125000;0.608253
925;7298;-0.991692;0.000000;0.760952
926;7300;-0.965119;0.125000;0.740562
927;7308;-0.892522;0.216506;0.684857
928;7316;-0.793353;0.250000;0.608761
929;7324;-0.694184;0.216506;0.532666
930;7332;-0.621587;0.125000;0.476961
931;7340;-0.595015;0.000000;0.456571
932;7348;-0.621587;-0.125000;0.476961
933;7356;-0.694184;-0.216506;0.532666
934;7364;-0.793353;-0.250000;0.608761
935;7372;-0.892522;-0.216506;0.684857
936;7380;-0.965119;-0.125000;0.740562
937;7394;-0.883884;0.000000;0.883883
938;7396;-0.860200;0.125000;0.860200
939;7404;-0.795495;0.216506;0.795495
940;7412;-0.707107;0.250000;0.707107
941;7420;-0.618719;0.216506;0.618718
942;7428;-0.554014;0.125000;0.554013
943;7436;-0.530330;0.000000;0.530330
944;7444;-0.554014;-0.125000;0.554013
945;7452;-0.618719;-0.216506;0.618718
946;7460;-0.707107;-0.250000;0.707107
947;7468;-0.795495;-0.216506;0.795495
948;7476;-0.860200;-0.125000;0.860200
949;7490;-0.760952;0.000000;0.991691
950;7492;-0.740563;0.125000;0.965119
951;7500;-0.684857;0.216506;0.892522
952;7508;-0.608762;0.250000;0.793353
953;7516;-0.532667;0.216506;0.694184
954;7524;-0.476961;0.125000;0.621587
955;7532;-0.456571;0.000000;0.595015
956;7540;-0.476961;-0.125000;0.621587
957;7548;-0.532667;-0.216506;0.694184
958;7556;-0.608762;-0.250000;0.793353
959;7564;-0.684857;-0.216506;0.892522
960;7572;-0.740563;-0.125000;0.965119
961;7586;-0.625000;0.000000;1.082532
962;7588;-0.608253;0.125000;1.053526
963;7596;-0.562500;0.216506;0.974279
964;7604;-0.500000;0.250000;0.866026
965;7612;-0.437500;0.216506;0.757772
966;7620;-0.391747;0.125000;0.678525
967;7628;-0.375000;0.000000;0.649519
968;7636;-0.391747;-0.125000;0.678525
969;7644;-0.437500;-0.216506;0.757772
970;7652;-0.500000;-0.250000;0.866026
971;7660;-0.562500;-0.216506;0.974279
972;7668;-0.608253;-0.125000;1.053526
973;7682;-0.478354;0.000000;1.154849
974;7684;-0.465537;0.125000;1.123905
975;7692;-0.430519;0.216506;1.039364
976;7700;-0.382684;0.250000;0.923880
977;7708;-0.334848;0.216506;0.808395
978;7716;-0.299830;0.125000;0.723854
979;7724;-0.287013;0.000000;0.692910
980;7732;-0.299830;-0.125000;0.723854
981;7740;-0.334848;-0.216506;0.808395
982;7748;-0.382684;-0.250000;0.923880
983;7756;-0.430519;-0.216506;1.039364
984;7764;-0.465537;-0.125000;1.123905
985;7778;-0.323524;0.000000;1.207407
986;7780;-0.314855;0.125000;1.175055
987;7788;-0.291172;0.216506;1.086666
988;7796;-0.258819;0.250000;0.965926
989;7804;-0.226467;0.216506;0.845185
990;7812;-0.202783;0.125000;0.756797
991;7820;-0.194115;0.000000;0.724444
992;7828;-0.202783;-0.125000;0.756797
993;7836;-0.226467;-0.216506;0.845185
994;7844;-0.258819;-0.250000;0.965926
995;7852;-0.291172;-0.216506;1.086666
996;7860;-0.314855;-0.125000;1.175055
997;7874;-0.163158;0.000000;1.239306
998;7876;-0.158787;0.125000;1.206099
999;7884;-0.146843;0.216506;1.115375
1000;7892;-0.130527;0.250000;0.991445
1001;7900;-0.114211;0.216506;0.867514
1002;7908;-0.102267;0.125000;0.776791
1003;7916;-0.097895;0.000000;0.743584
1004;7924;-0.102267;-0.125000;0.776791
1005;7932;-0.114211;-0.216506;0.867514
1006;7940;-0.130527;-0.250000;0.991445
1007;7948;-0.146843;-0.216506;1.115375
1008;7956;-0.158787;-0.125000;1.206099
1009;7970;0.000000;0.000000;1.250000
1010;7972;0.000000;0.125000;1.216506
1011;7980;0.000000;0.216506;1.125000
1012;7988;0.000000;0.250000;1.000000
1013;7996;0.000000;0.216506;0.875000
1014;8004;0.000000;0.125000;0.783494
1015;8012;0.000000;0.000000;0.750000
1016;8020;0.000000;-0.125000;0.783494
1017;8028;0.000000;-0.216506;0.875000
1018;8036;0.000000;-0.250000;1.000000
1019;8044;0.000000;-0.216506;1.125000
1020;8052;0.000000;-0.125000;1.216506
1021;8066;0.163158;0.000000;1.239306
1022;8068;0.158786;0.125000;1.206099
1023;8076;0.146842;0.216506;1.115376
1024;8084;0.130526;0.250000;0.991445
1025;8092;0.114210;0.216506;0.867514
1026;8100;0.102266;0.125000;0.776791
1027;8108;0.097895;0.000000;0.743584
1028;8116;0.102266;-0.125000;0.776791
1029;8124;0.114210;-0.216506;0.867514
1030;8132;0.130526;-0.250000;0.991445
1031;8140;0.146842;-0.216506;1.115376
1032;8148;0.158786;-0.125000;1.206099
1033;8162;0.323523;0.000000;1.207407
1034;8164;0.314854;0.125000;1.175055
1035;8172;0.291171;0.216506;1.086667
1036;8180;0.258819;0.250000;0.965926
1037;8188;0.226466;0.216506;0.845185
1038;8196;0.202783;0.125000;0.756797
1039;8204;0.194114;0.000000;0.724444
1040;8212;0.202783;-0.125000;0.756797
1041;8220;0.226466;-0.216506;0.845185
1042;8228;0.258819;-0.250000;0.965926
1043;8236;0.291171;-0.216506;1.086667
1044;8244;0.314854;-0.125000;1.175055
1045;8258;0.478355;0.000000;1.154849
1046;8260;0.465537;0.125000;1.123905
1047;8268;0.430519;0.216506;1.039364
1048;8276;0.382684;0.250000;0.923879
1049;8284;0.334848;0.216506;0.808394
1050;8292;0.299830;0.125000;0.723854
1051;8300;0.287013;0.000000;0.692910
1052;8308;0.299830;-0.125000;0.723854
1053;8316;0.334848;-0.216506;0.808394
1054;8324;0.382684;-0.250000;0.923879
1055;8332;0.430519;-0.216506;1.039364
1056;8340;0.465537;-0.125000;1.123905
1057;8354;0.625000;0.000000;1.082532
1058;8356;0.608253;0.125000;1.053525
1059;8364;0.562500;0.216506;0.974279
1060;8372;0.500000;0.250000;0.866025
1061;8380;0.437500;0.216506;0.757772
1062;8388;0.391747;0.125000;0.678525
1063;8396;0.375000;0.000000;0.649519
1064;8404;0.391747;-0.125000;0.678525
1065;8412;0.437500;-0.216506;0.757772
1066;8420;0.500000;-0.250000;0.866025
1067;8428;0.562500;-0.216506;0.974279
1068;8436;0.608253;-0.125000;1.053525
1069;8450;0.760952;0.000000;0.991692
1070;8452;0.740562;0.125000;0.965120
1071;8460;0.684856;0.216506;0.892523
1072;8468;0.608761;0.250000;0.793353
1073;8476;0.532666;0.216506;0.694184
1074;8484;0.476961;0.125000;0.621587
1075;8492;0.456571;0.000000;0.595015
1076;8500;0.476961;-0.125000;0.621587
1077;8508;0.532666;-0.216506;0.694184
1078;8516;0.608761;-0.250000;0.793353
1079;8524;0.684856;-0.216506;0.892523
1080;8532;0.740562;-0.125000;0.965120
1081;8546;0.883883;0.000000;0.883884
1082;8548;0.860199;0.125000;0.860200
1083;8556;0.795495;0.216506;0.795496
1084;8564;0.707106;0.250000;0.707107
1085;8572;0.618718;0.216506;0.618719
1086;8580;0.554013;0.125000;0.554014
1087;8588;0.530330;0.000000;0.530330
1088;8596;0.554013;-0.125000;0.554014
1089;8604;0.618718;-0.216506;0.618719
1090;8612;0.707106;-0.250000;0.707107
1091;8620;0.795495;-0.216506;0.795496
1092;8628;0.860199;-0.125000;0.860200
1093;8642;0.991692;0.000000;0.760952
1094;8644;0.965119;0.125000;0.740562
1095;8652;0.892523;0.216506;0.684856
1096;8660;0.793353;0.250000;0.608761
1097;8668;0.694184;0.216506;0.532666
1098;8676;0.621587;0.125000;0.476961
1099;8684;0.595015;0.000000;0.456571
1100;8692;0.621587;-0.125000;0.476961
1101;8700;0.694184;-0.216506;0.532666
1102;8708;0.793353;-0.250000;0.608761
1103;8716;0.892523;-0.216506;0.684856
1104;8724;0.965119;-0.125000;0.740562
1105;8738;1.082532;0.000000;0.625000
1106;8740;1.053525;0.125000;0.608253
1107;8748;0.974279;0.216506;0.562500
1108;8756;0.866025;0.250000;0.500000
1109;8764;0.757772;0.216506;0.437500
1110;8772;0.678525;0.125000;0.391747
1111;8780;0.649519;0.000000;0.375000
1112;8788;0.678525;-0.125000;0.391747
1113;8796;0.757772;-0.216506;0.437500
1114;8804;0.866025;-0.250000;0.500000
1115;8812;0.974279;-0.216506;0.562500
1116;8820;1.053525;-0.125000;0.608253
1117;8834;1.154849;0.000000;0.478355
1118;8836;1.123905;0.125000;0.465537
1119;8844;1.039364;0.216506;0.430519
1120;8852;0.923879;0.250000;0.382684
1121;8860;0.808394;0.216506;0.334848
1122;8868;0.723854;0.125000;0.299830
1123;8876;0.692910;0.000000;0.287013
1124;8884;0.723854;-0.125000;0.299830
1125;8892;0.808394;-0.216506;0.334848
1126;8900;0.923879;-0.250000;0.382684
1127;8908;1.039364;-0.216506;0.430519
1128;8916;1.123905;-0.125000;0.465537
1129;8930;1.207407;0.000000;0.323523
1130;8932;1.175055;0.125000;0.314855
1131;8940;1.086667;0.216506;0.291171
1132;8948;0.965926;0.250000;0.258819
1133;8956;0.845185;0.216506;0.226466
1134;8964;0.756797;0.125000;0.202783
1135;8972;0.724444;0.000000;0.194114
1136;8980;0.756797;-0.125000;0.202783
1137;8988;0.845185;-0.216506;0.226466
1138;8996;0.965926;-0.250000;0.258819
1139;9004;1.086667;-0.216506;0.291171
1140;9012;1.175055;-0.125000;0.314855
1141;9026;1.239306;0.000000;0.163158
1142;9028;1.206099;0.125000;0.158786
1143;9036;1.115376;0.216506;0.146842
1144;9044;0.991445;0.250000;0.130526
1145;9052;0.867514;0.216506;0.114210
1146;9060;0.776791;0.125000;0.102266
1147;9068;0.743584;0.000000;0.097895
1148;9076;0.776791;-0.125000;0.102266
1149;9084;0.867514;-0.216506;0.114210
1150;9092;0.991445;-0.250000;0.130526
1151;9100;1.115376;-0.216506;0.146842
1152;9108;1.206099;-0.125000;0.158786
